-- Seed data for telecom_system (accounts start at 20001)

-- 套餐
INSERT INTO package_info (id, duration, cost) VALUES
    (1, '100 hours', 20.00),
    (2, '300 hours', 48.00)
ON CONFLICT (id) DO NOTHING;

-- 管理员
INSERT INTO admin_info (account, name, password) VALUES
    (100001, 'admin', 'admin123')
ON CONFLICT (account) DO NOTHING;

-- 用户（显式指定账号，便于和登录记录保持一致）
INSERT INTO user_info (account, name, password, balance, package_id, phone, package_start_time) VALUES
    (20001, '张三', 'zhangsan123', 100.50, 1, '13800138001', '2024-01-01 00:00:00+08'),
    (20002, '李四', 'lisi123',  50.00, 1, '13800138002', '2024-01-01 00:00:00+08'),
    (20003, '王五', 'wangwu123', 200.00, 1, '13800138003', '2024-01-01 00:00:00+08'),
    (20004, '赵六', 'zhaoliu123',  75.80, 2, '13800138004', '2024-01-01 00:00:00+08'),
    (20005, '钱七', 'qianqi123',   30.25, 1, '13800138005', '2024-01-01 00:00:00+08'),
    (20006, '周八', 'zhouba123',   60.00, 1, '13800138006', '2024-01-02 00:00:00+08'),
    (20007, '吴九', 'wujiu123',    15.50, 1, '13800138007', '2024-01-02 00:00:00+08'),
    (20008, '郑十', 'zhengshi123', 85.00, 2, '13800138008', '2024-01-02 00:00:00+08'),
    (20009, '冯十一', 'feng11',    40.00, 1, '13800138009', '2024-01-03 00:00:00+08'),
    (20010, '陈十二', 'chen12',    120.00,2, '13800138010', '2024-01-03 00:00:00+08'),
    (20011, '褚十三', 'chu13',     5.75, 1, '13800138011', '2024-01-04 00:00:00+08'),
    (20012, '卫十四', 'wei14',     55.25,2, '13800138012', '2024-01-04 00:00:00+08'),
    (20013, '蒋十五', 'jiang15',   90.00,1, '13800138013', '2024-01-05 00:00:00+08'),
    (20014, '沈十六', 'shen16',    33.30,2, '13800138014', '2024-01-05 00:00:00+08'),
    (20015, '韩十七', 'han17',     77.77,1, '13800138015', '2024-01-06 00:00:00+08'),
    (20016, '杨十八', 'yang18',    9.99, 1, '13800138016', '2024-01-06 00:00:00+08'),
    (20017, '朱十九', 'zhu19',     45.00,2, '13800138017', '2024-01-07 00:00:00+08'),
    (20018, '秦二十', 'qin20',     66.60,1, '13800138018', '2024-01-07 00:00:00+08'),
    (20019, '尤二一', 'you21',     23.45,2, '13800138019', '2024-01-08 00:00:00+08'),
    (20020, '许二二', 'xu22',      140.00,1,'13800138020', '2024-01-08 00:00:00+08')
ON CONFLICT (account) DO NOTHING;

-- 登录记录：每个用户 6 条，共 30 条
INSERT INTO login_info (account_id, login_time, logout_time) VALUES
    (20001, '2024-01-01 08:30:00+08', '2024-01-01 12:45:00+08'),
    (20001, '2024-01-02 09:15:00+08', '2024-01-02 11:30:00+08'),
    (20001, '2024-01-03 14:00:00+08', '2024-01-03 17:20:00+08'),
    (20001, '2024-01-05 10:30:00+08', '2024-01-05 15:10:00+08'),
    (20001, '2024-01-07 13:45:00+08', '2024-01-07 16:30:00+08'),
    (20001, '2024-01-09 08:00:00+08', '2024-01-09 18:00:00+08'),

    (20002, '2024-01-08 08:00:00+08', '2024-01-08 11:59:50+08'),
    (20002, '2024-01-15 10:00:00+08', '2024-01-19 10:00:00+08'),

    
    (20003, '2024-01-06 10:00:00+08', '2024-01-010 13:29:50+08'),


    (20004, '2024-01-02 06:30:00+08', '2024-01-02 09:15:00+08'),
    (20004, '2024-01-03 11:00:00+08', '2024-01-03 14:25:00+08'),
    (20004, '2024-01-05 08:15:00+08', '2024-01-05 10:40:00+08'),
    (20004, '2024-01-06 13:50:00+08', '2024-01-06 17:10:00+08'),
    (20004, '2024-01-08 07:30:00+08', '2024-01-08 20:00:00+08'),
    (20004, '2024-01-09 15:20:00+08', '2024-01-09 18:45:00+08'),

    (20005, '2024-01-01 19:00:00+08', '2024-01-01 22:30:00+08'),
    (20005, '2024-01-03 20:15:00+08', '2024-01-03 23:45:00+08'),
    (20005, '2024-01-04 18:30:00+08', '2024-01-04 21:00:00+08'),
    (20005, '2024-01-06 17:45:00+08', '2024-01-06 19:20:00+08'),
    (20005, '2024-01-08 16:00:00+08', '2024-01-08 18:30:00+08'),
    (20005, '2024-01-10 19:30:00+08', '2024-01-10 23:00:00+08');

-- 追加若干登录记录，覆盖更多用户，总计约 50 条左右
INSERT INTO login_info (account_id, login_time, logout_time) VALUES
    (20006, '2024-01-02 09:00:00+08', '2024-01-02 12:00:00+08'),
    (20006, '2024-01-04 14:00:00+08', '2024-01-04 15:30:00+08'),
    (20007, '2024-01-03 10:15:00+08', '2024-01-03 11:45:00+08'),
    (20008, '2024-01-03 16:00:00+08', '2024-01-03 18:20:00+08'),
    (20009, '2024-01-05 08:00:00+08', '2024-01-05 09:30:00+08'),
    (20010, '2024-01-06 13:00:00+08', '2024-01-06 15:00:00+08'),
    (20011, '2024-01-06 20:00:00+08', '2024-01-06 21:10:00+08'),
    (20012, '2024-01-07 09:30:00+08', '2024-01-07 12:00:00+08'),
    (20013, '2024-01-08 11:00:00+08', '2024-01-08 13:50:00+08'),
    (20014, '2024-01-08 14:30:00+08', '2024-01-08 16:40:00+08'),
    (20015, '2024-01-09 07:45:00+08', '2024-01-09 10:00:00+08'),
    (20016, '2024-01-09 12:15:00+08', '2024-01-09 13:40:00+08'),
    (20017, '2024-01-10 08:30:00+08', '2024-01-10 11:15:00+08'),
    (20018, '2024-01-10 12:00:00+08', '2024-01-10 14:45:00+08'),
    (20019, '2024-01-11 15:00:00+08', '2024-01-11 17:30:00+08'),
    (20020, '2024-01-11 18:20:00+08', '2024-01-11 20:00:00+08'),
    (20006, '2024-01-12 09:10:00+08', '2024-01-12 10:25:00+08'),
    (20007, '2024-01-12 11:00:00+08', '2024-01-12 12:35:00+08'),
    (20008, '2024-01-13 14:00:00+08', '2024-01-13 16:00:00+08'),
    (20009, '2024-01-13 17:30:00+08', '2024-01-13 19:00:00+08')
ON CONFLICT DO NOTHING;

-- 让序列追上当前最大账号，防止后续 nextval 撞号
SELECT setval('user_info_account_seq', (SELECT COALESCE(MAX(account), 20000) FROM user_info));
