-- 插入套餐信息
INSERT INTO package_info (id, duration, cost) VALUES
(1, '100 hours', 20.00),
(2, '300 hours', 48.00);

-- 插入管理员信息
INSERT INTO admin_info (account, name, password) VALUES
(100001, 'admin', 'admin123');

-- 插入用户信息
INSERT INTO user_info (account, name, password, balance, packge_id, phone) VALUES
(200001, '张三', 'zhangsan123', 100.50, '1', '13800138001'),
(200002, '李四', 'lisi123', 50.00, '2', '13800138002'),
(200003, '王五', 'wangwu123', 200.00, '1', '13800138003'),
(200004, '赵六', 'zhaoliu123', 75.80, '2', '13800138004'),
(200005, '钱七', 'qianqi123', 30.25, '1', '13800138005');

-- 插入登录信息（为5个用户生成30条登录记录）
-- 用户200001的登录记录
INSERT INTO login_info (account_id, login_time, logout_time) VALUES
(200001, '2024-01-01 08:30:00+08', '2024-01-01 12:45:00+08'),
(200001, '2024-01-02 09:15:00+08', '2024-01-02 11:30:00+08'),
(200001, '2024-01-03 14:00:00+08', '2024-01-03 17:20:00+08'),
(200001, '2024-01-05 10:30:00+08', '2024-01-05 15:10:00+08'),
(200001, '2024-01-07 13:45:00+08', '2024-01-07 16:30:00+08'),
(200001, '2024-01-09 08:00:00+08', '2024-01-09 18:00:00+08');

-- 用户200002的登录记录
INSERT INTO login_info (account_id, login_time, logout_time) VALUES
(200002, '2024-01-01 07:45:00+08', '2024-01-01 10:20:00+08'),
(200002, '2024-01-02 13:30:00+08', '2024-01-02 16:45:00+08'),
(200002, '2024-01-04 09:00:00+08', '2024-01-04 12:15:00+08'),
(200002, '2024-01-05 15:30:00+08', '2024-01-05 19:00:00+08'),
(200002, '2024-01-07 11:20:00+08', '2024-01-07 14:40:00+08'),
(200002, '2024-01-08 08:45:00+08', '2024-01-08 17:30:00+08');

-- 用户200003的登录记录
INSERT INTO login_info (account_id, login_time, logout_time) VALUES
(200003, '2024-01-01 12:00:00+08', '2024-01-01 15:30:00+08'),
(200003, '2024-01-03 08:30:00+08', '2024-01-03 11:45:00+08'),
(200003, '2024-01-04 14:15:00+08', '2024-01-04 16:50:00+08'),
(200003, '2024-01-06 10:00:00+08', '2024-01-06 13:20:00+08'),
(200003, '2024-01-08 09:45:00+08', '2024-01-08 12:10:00+08'),
(200003, '2024-01-10 16:30:00+08', '2024-01-10 19:00:00+08');

-- 用户200004的登录记录
INSERT INTO login_info (account_id, login_time, logout_time) VALUES
(200004, '2024-01-02 06:30:00+08', '2024-01-02 09:15:00+08'),
(200004, '2024-01-03 11:00:00+08', '2024-01-03 14:25:00+08'),
(200004, '2024-01-05 08:15:00+08', '2024-01-05 10:40:00+08'),
(200004, '2024-01-06 13:50:00+08', '2024-01-06 17:10:00+08'),
(200004, '2024-01-08 07:30:00+08', '2024-01-08 20:00:00+08'),
(200004, '2024-01-09 15:20:00+08', '2024-01-09 18:45:00+08');

-- 用户200005的登录记录
INSERT INTO login_info (account_id, login_time, logout_time) VALUES
(200005, '2024-01-01 19:00:00+08', '2024-01-01 22:30:00+08'),
(200005, '2024-01-03 20:15:00+08', '2024-01-03 23:45:00+08'),
(200005, '2024-01-04 18:30:00+08', '2024-01-04 21:00:00+08'),
(200005, '2024-01-06 17:45:00+08', '2024-01-06 19:20:00+08'),
(200005, '2024-01-08 16:00:00+08', '2024-01-08 18:30:00+08'),
(200005, '2024-01-10 19:30:00+08', '2024-01-10 23:00:00+08');